U10512001,P003
U10512001,P005
U10512002,P002
U10512002,P010
U10512003,P002
U10512003,P004
U10512004,P002
U10512005,P003
U10512006,P001
U10512006,P003
U10512007,P002
U10512007,P004
U10512008,P002
U10512008,P004
U10512009,P002
U10512010,P002
U10512011,P006
U10512011,P008
U10512012,P003
U10512012,P005
U10512013,P002
U10512013,P010
U10512014,P006
U10512015,P009
U10512016,P002
U10512016,P010
U10512017,P008
U10512017,P010
U10512018,P003
U10512018,P005
U10512019,P003
U10512020,P010
U10612301,P007
U10612301,P009
U10612302,P005
U10612302,P007
U10612303,P008
U10612303,P010
U10612304,P005
U10612305,P010
U10612306,P002
U10612306,P004
U10612307,P007
U10612307,P009
U10612308,P002
U10612308,P010
U10612309,P001
U10612310,P010
U10612311,P001
U10612311,P003
U10612312,P005
U10612312,P007
U10612313,P006
U10612313,P008
U10612314,P001
U10612315,P003
U10612316,P002
U10612316,P004
U10612317,P001
U10612317,P003
U10612318,P001
U10612318,P009
U10612319,P002
U10612320,P004
U10712501,P002
U10712501,P004
U10712502,P007
U10712502,P009
U10712503,P001
U10712503,P003
U10712504,P006
U10712505,P005
U10712506,P004
U10712506,P006
U10712507,P007
U10712507,P009
U10712508,P005
U10712508,P007
U10712509,P007
U10712510,P006
U10712511,P006
U10712511,P008
U10712512,P002
U10712512,P010
U10712513,P007
U10712513,P009
U10712514,P007
U10712515,P006
U10712516,P001
U10712516,P003
U10712517,P005
U10712517,P007
U10712518,P002
U10712518,P004
U10712519,P004
U10712520,P007
U10821101,P004
U10821101,P006
U10821102,P004
U10821102,P006
U10821103,P005
U10821103,P007
U10821104,P003
U10821105,P009
U10821106,P001
U10821106,P003
U10821107,P006
U10821107,P008
U10821108,P005
U10821108,P007
U10821109,P006
U10821110,P003
U10821111,P003
U10821111,P005
U10821112,P003
U10821112,P005
U10821113,P002
U10821113,P004
U10821114,P009
U10821115,P009
U10821116,P006
U10821116,P008
U10821117,P006
U10821117,P008
U10821118,P001
U10821118,P003
U10821119,P010
U10821120,P006
U10821121,P001
U10821121,P009
U10821122,P004
U10821122,P006
U10821123,P002
U10821123,P004
U10821124,P003
U10821125,P010
U10821126,P004
U10821126,P006
U10821127,P001
U10821127,P009
U10821128,P004
U10821128,P006
U10821129,P008
U10821130,P005
